{"x":-0.04065065085887909,"y":0.7296728491783142,"z":0.1255715787410736}