{
    "scale": 1.000044345855713,
    "headScaleY": 1.377839207649231,
    "pelvisScaleY": 0.8332556486129761,
    "scaleXZ": 1.213297963142395,
    "leftArmScale": 0.8648777008056641,
    "rightArmScale": 0.8648777008056641,
    "leftLegScale": 0.8470702767372131,
    "rightLegScale": 0.8580753803253174,
    "calibrationHeadToWaistY": 0.5445835590362549,
    "calibrationArmYBase": 0.41816264390945437
}