{"x":-0.17656683921813966,"y":0.8294868469238281,"z":0.02881370112299919}