{"x":0.18625855445861817,"y":0.8017500638961792,"z":-0.7620922923088074}