{
    "scale": 1.0000150203704835,
    "headScaleY": 1.3915663957595826,
    "pelvisScaleY": 0.8088881969451904,
    "scaleXZ": 1.1999908685684205,
    "leftArmScale": 0.8526026606559753,
    "rightArmScale": 0.8526026606559753,
    "leftLegScale": 0.8927860260009766,
    "rightLegScale": 0.8635767698287964,
    "calibrationHeadToWaistY": 0.5826781988143921,
    "calibrationArmYBase": 0.4549791216850281
}