{"x":0.0203687883913517,"y":0.8091675639152527,"z":0.04811403527855873}