{
    "scale": 0.9999228715896606,
    "headScaleY": 1.3651701211929322,
    "pelvisScaleY": 0.7966424226760864,
    "scaleXZ": 1.1780325174331666,
    "leftArmScale": 0.8321094512939453,
    "rightArmScale": 0.8321094512939453,
    "leftLegScale": 0.8660370111465454,
    "rightLegScale": 0.8338395953178406,
    "calibrationHeadToWaistY": 0.5685276985168457,
    "calibrationArmYBase": 0.4426655173301697
}