{"x":0.36279699206352236,"y":0.7977108955383301,"z":-1.1396461725234986}