{
    "scale": 0.9996572136878967,
    "headScaleY": 1.3759193420410157,
    "pelvisScaleY": 0.7953182458877564,
    "scaleXZ": 1.2263462543487549,
    "leftArmScale": 0.8784050941467285,
    "rightArmScale": 0.8784050941467285,
    "leftLegScale": 0.8731828927993774,
    "rightLegScale": 0.8539708852767944,
    "calibrationHeadToWaistY": 0.5806010961532593,
    "calibrationArmYBase": 0.45647114515304568
}