{"x":-0.10323254019021988,"y":0.7936370372772217,"z":-0.3050414025783539}